pdf_file,paper_title,accession_type,accession
Abramson et al. 2022 - The genome and preliminary single-nuclei transcriptome of Lemna minuta reveals mechanisms of invasiveness.pdf,OP-PLPH210571 879..897,Biosample,SAMN19243672
Apelt et al. 2022 - Shoot and root single cell sequencing reveals tissue- and daytime-specific transcriptome profiles.pdf,OP-PLPH210539 861..878,ENA Project,PRJNA742744
Bai et al. 2022 - Development of a single-cell atlas for woodland strawb ... ves during early Botrytis cinerea infection using single cell RNA-seq.pdf,Development of a single-cell atlas for woodland,GEO Series,GSE161482
Bezrutczyk et al. 2021 - Evidence for phloem loading via the abaxial bundle sheath cells in maize leaves.pdf,OP-PLCE200057 531..547,GEO Series,GSE157759
Camo-Escobar et al. 2024 - A common regulatory switch controls a suite of C4 traits in multiple cell types.pdf,A common regulatory switch controls a suite of C4 traits in multiple cell types,GEO Series,GSE249836
Cantó-Pastor et al. 2024 - A suberized exodermis is required for tomato drought tolerance.pdf,A suberized exodermis is required for tomato drought tolerance,GEO Series,GSE212405
Cantó-Pastor et al. 2024 - A suberized exodermis is required for tomato drought tolerance.pdf,A suberized exodermis is required for tomato drought tolerance,GEO Sample,GSM2323699
Cao et al. 2019 - Root hair single cell type specific profiles of gene expression and alternative polyadenylation under cadmium stress.pdf,Root Hair Single Cell Type Specific Profiles of Gene Expression and Alternative Polyadenylation Under Cadmium Stress,ENA Project,PRJNA477396
Cao et al. 2023 - Single-cell RNA sequencing profiles reveal cell type-s ... ional regulation networks conditioning fungal invasion in maize roots.pdf,Single‐cell RNA sequencing profiles reveal cell type‐specific transcriptional regulation networks conditioning fungal invasion in maize roots,ENA Project,PRJNA865791
Cervantes-Pérez et al. 2022 - Cell-specific pathways recruited for symbiotic nodulation in the Medicago truncatula legume.pdf,Cell-specific pathways recruited for symbiotic nodulation in the Medicago truncatula legume,GEO Series,GSE210881
Cervantes-Pérez et al. 2022 - Cell-specific pathways recruited for symbiotic nodulation in the Medicago truncatula legume.pdf,Cell-specific pathways recruited for symbiotic nodulation in the Medicago truncatula legume,GEO Sample,GSM4698755
Cervantes-Pérez et al. 2022 - Cell-specific pathways recruited for symbiotic nodulation in the Medicago truncatula legume.pdf,Cell-specific pathways recruited for symbiotic nodulation in the Medicago truncatula legume,GEO Sample,GSM4698756
Cervantes-Pérez et al. 2022 - Cell-specific pathways recruited for symbiotic nodulation in the Medicago truncatula legume.pdf,Cell-specific pathways recruited for symbiotic nodulation in the Medicago truncatula legume,GEO Sample,GSM4698757
Cervantes-Pérez et al. 2022 - Cell-specific pathways recruited for symbiotic nodulation in the Medicago truncatula legume.pdf,Cell-specific pathways recruited for symbiotic nodulation in the Medicago truncatula legume,GEO Sample,GSM4698758
Cervantes-Pérez et al. 2022 - Cell-specific pathways recruited for symbiotic nodulation in the Medicago truncatula legume.pdf,Cell-specific pathways recruited for symbiotic nodulation in the Medicago truncatula legume,GEO Sample,GSM4698759
Cervantes-Pérez et al. 2024 - Single-cell transcriptome atlases of soybe ... le reveal new regulatory programs that control the nodulation process.pdf,Single-cell transcriptome atlases of soybean root and mature nodule reveal new regulatory programs that control the nodulation process,ENA Project,PRJNA938968
Cervantes-Pérez et al. 2024 - Single-cell transcriptome atlases of soybe ... le reveal new regulatory programs that control the nodulation process.pdf,Single-cell transcriptome atlases of soybean root and mature nodule reveal new regulatory programs that control the nodulation process,GEO Series,GSE226149
Chen et al. 2021 - Transcriptional landscape of highly lignified poplar stems at single-cell resolution.pdf,Transcriptional landscape of highly lignified poplar stems at single-cell resolution,,
Chen et al. 2022 - Single-cell transcriptome sequencing revealing the di ... and non-epidermal cells of Gracilariopsis lemaneiformis (Rhodophyta).pdf,Single-cell transcriptome sequencing revealing the difference in photosynthesis and carbohydrate metabolism between epidermal cells and non-epidermal cells of Gracilariopsis lemaneiformis (Rhodophyta),ENA Project,PRJNA752461
Chen et al. 2024 - Single-cell RNA sequencing reveals dynamics of gene expression for 2D elongation and 3D growth in Physcomitrium patens.pdf,Single-cell RNA sequencing reveals dynamics of gene expression for 2D elongation and 3D growth in Physcomitrium patens,,
Chen et al. 2024 - Single-cell transcriptomic analysis of pea shoot development and cell-type-specific responses to boron deficiency.pdf,Single‐cell transcriptomic analysis of pea shoot development and cell‐type‐specific responses to boron deficiency,ENA Project,PRJNA983513
Chen et al. 2025 - Identification of maize genes that condition early sy ... fection of sugarcane mosaic virus through single-cell transcriptomics.pdf,Identification of maize genes that condition&nbsp;early systemic infection of sugarcane mosaic virus through single-cell transcriptomics,,
Cheng et al. 2023 - Single-cell transcriptome atlas reveals spatiotempor ... trajectories in the basal roots of moso bamboo (Phyllostachys edulis).pdf,Single-cell transcriptome atlas reveals spatiotemporal developmental trajectories in the basal roots of moso bamboo (Phyllostachys edulis),GEO Series,GSE229126
Conde et al. 2022 - Single-nuclei transcriptome analysis of the shoot apex vascular system differentiation in Populus.pdf,untitled,GEO Series,GSE190649
Cui et al. 2024 - Single-nucleus RNA and ATAC sequencing analyses provide molecular insights into early pod development of peanut fruit.pdf,Single-nucleus RNA and ATAC sequencing analyses provide molecular insights into early pod development of peanut fruit,ENA Project,PRJNA1068272
Dai et al. 2024 - Single-cell transcriptomic analysis of flowering regulation and vernalization in Chinese cabbage shoot apex.pdf,Single-cell transcriptomic analysis of flowering regulation and vernalization in Chinese cabbage shoot apex,,
Delannoy et al. 2023 - Cell specialization and coordination in Arabidopsis leaves upon pathogenic attack revealed by scRNA-seq.pdf,Cell specialization and coordination in Arabidopsis leaves upon pathogenic attack revealed by scRNA-seq,ENA Project,PRJNA995336
Deng et al. 2024 - ScRNA-seq reveals dark- and light-induced differentially expressed gene atlases of seedling leaves in Arachis hypogaea L.pdf,ScRNA‐seq reveals dark‐ and light‐induced differentially expressed gene atlases of seedling leaves in Arachis hypogaea L.,,
Denyer et al. 2019 - Spatiotemporal Developmental Trajectories in the Arabidopsis Root Revealed Using High-Throughput Single-Cell RNA Sequencing.pdf,Spatiotemporal Developmental Trajectories in the Arabidopsis Root Revealed Using High-Throughput Single-Cell RNA Sequencing,GEO Series,GSE123818
Denyer et al. 2019 - Spatiotemporal Developmental Trajectories in the Arabidopsis Root Revealed Using High-Throughput Single-Cell RNA Sequencing.pdf,Spatiotemporal Developmental Trajectories in the Arabidopsis Root Revealed Using High-Throughput Single-Cell RNA Sequencing,GEO Sample,GSM3511858
Denyer et al. 2019 - Spatiotemporal Developmental Trajectories in the Arabidopsis Root Revealed Using High-Throughput Single-Cell RNA Sequencing.pdf,Spatiotemporal Developmental Trajectories in the Arabidopsis Root Revealed Using High-Throughput Single-Cell RNA Sequencing,GEO Sample,GSM3511859
Denyer et al. 2019 - Spatiotemporal Developmental Trajectories in the Arabidopsis Root Revealed Using High-Throughput Single-Cell RNA Sequencing.pdf,Spatiotemporal Developmental Trajectories in the Arabidopsis Root Revealed Using High-Throughput Single-Cell RNA Sequencing,GEO Sample,GSM3511860
Denyer et al. 2019 - Spatiotemporal Developmental Trajectories in the Arabidopsis Root Revealed Using High-Throughput Single-Cell RNA Sequencing.pdf,Spatiotemporal Developmental Trajectories in the Arabidopsis Root Revealed Using High-Throughput Single-Cell RNA Sequencing,GEO Sample,GSM3511861
Denyer et al. 2019 - Spatiotemporal Developmental Trajectories in the Arabidopsis Root Revealed Using High-Throughput Single-Cell RNA Sequencing.pdf,Spatiotemporal Developmental Trajectories in the Arabidopsis Root Revealed Using High-Throughput Single-Cell RNA Sequencing,GEO Sample,GSM3511862
Denyer et al. 2019 - Spatiotemporal Developmental Trajectories in the Arabidopsis Root Revealed Using High-Throughput Single-Cell RNA Sequencing.pdf,Spatiotemporal Developmental Trajectories in the Arabidopsis Root Revealed Using High-Throughput Single-Cell RNA Sequencing,GEO Sample,GSM3511863
Denyer et al. 2019 - Spatiotemporal Developmental Trajectories in the Arabidopsis Root Revealed Using High-Throughput Single-Cell RNA Sequencing.pdf,Spatiotemporal Developmental Trajectories in the Arabidopsis Root Revealed Using High-Throughput Single-Cell RNA Sequencing,GEO Sample,GSM3511864
Ding et al. 2023 - Single-cell RNA landscape of the special fiber initiation process in Bombax ceiba.pdf,Single-cell RNA landscape of the special fiber initiation process in Bombax ceiba,ENA Project,PRJNA429932
Ding et al. 2023 - Single-cell RNA landscape of the special fiber initiation process in Bombax ceiba.pdf,Single-cell RNA landscape of the special fiber initiation process in Bombax ceiba,ENA Project,PRJNA850395
Dorrity et al. 2021 - The regulatory landscape of Arabidopsis thaliana roots at single-cell resolution.pdf,The regulatory landscape of Arabidopsis thaliana roots at single-cell resolution,,
Du et al. 2025 - Single-cell RNA sequencing reveals the developmental landscape of wheat roots.pdf,Single‐Cell RNA Sequencing Reveals the Developmental Landscape of Wheat Roots,GEO Series,GSE222422
Farmer et al. 2021 - Single-nucleus RNA and ATAC sequencing reveals the ... lity on gene expression in Arabidopsis roots at the single-cell level.pdf,Single-nucleus RNA and ATAC sequencing reveals the impact of chromatin accessibility on gene expression in Arabidopsis roots at the single-cell level,GEO Series,GSE123013
Farmer et al. 2021 - Single-nucleus RNA and ATAC sequencing reveals the ... lity on gene expression in Arabidopsis roots at the single-cell level.pdf,Single-nucleus RNA and ATAC sequencing reveals the impact of chromatin accessibility on gene expression in Arabidopsis roots at the single-cell level,GEO Series,GSE155304
Feng et al. 2022 - Chromatin accessibility illuminates single-cell regulatory dynamics of rice root tips.pdf,Chromatin accessibility illuminates single-cell regulatory dynamics of rice root tips,GEO Series,GSE214132
Feng et al. 2023 - Single-cell transcriptome analyses reveal cellular and molecular responses to low nitrogen in burley tobacco leaves.pdf,Single‐cell transcriptome analyses reveal cellular and molecular responses to low nitrogen in burley tobacco leaves,,
Feng et al. 2025 - Cross-species single-nucleus analysis reveals the pot ... whole-genome duplication in the evolution of maize flower development.pdf,Cross-species single-nucleus analysis reveals the potential role of whole-genome duplication in the evolution of maize flower development,,
Frank et al. 2023 - Single-cell analysis identifies genes facilitating rhizobium infection in Lotus japonicus.pdf,Single-cell analysis identifies genes facilitating rhizobium infection in Lotus japonicus,ENA Project,PRJEB57790
Gala et al. 2021 - A single-cell view of the transcriptome during lateral root initiation in Arabidopsis thaliana.pdf,A single cell view of the transcriptome during lateral root initiation in Arabidopsis thaliana,GEO Series,GSE158761
Ge et al. 2025 - Spatiotemporal transcriptome and metabolome landscapes of cotton somatic embryos.pdf,Spatiotemporal transcriptome and metabolome landscapes of cotton somatic embryos,ENA Project,PRJNA800600
Gould et al. 2018 - Coordination of robust single cell rhythms in the Arabidopsis circadian clock via spatial waves of gene expression.pdf,15282046515987 1..20,,
Graeff et al. 2021 - A single-cell morpho-transcriptomic map of brassinosteroid action in the Arabidopsis root.pdf,ERROR: FileDataError,,
Guillotin et al. 2023 - A pan-grass transcriptome reveals patterns of cellular divergence in crops.pdf,A pan-grass transcriptome reveals patterns of cellular divergence in crops,GEO Series,GSE225118
Guo et al. 2022 - Single-cell transcriptome reveals differentiation between adaxial and abaxial mesophyll cells in Brassica rapa.pdf,ERROR: FileDataError,,
Guo et al. 2024 - Single-cell RNA sequencing reveals a high-resolution c ... as of petals in Prunus mume at different flowering development stages.pdf,ERROR: FileDataError,,
Guo et al. 2024 - Single-cell transcriptome atlas reveals somatic cell embryogenic differentiation features during regeneration.pdf,ERROR: FileDataError,,
Guo et al. 2025 - An Arabidopsis single-nucleus atlas decodes leaf senescence and nutrient allocation.pdf,An Arabidopsis single-nucleus atlas decodes leaf senescence and nutrient allocation,ENA Project,PRJNA59700675
Guo et al. 2025 - Cell fate determination of the potato shoot apex and stolon tips revealed by single-cell transcriptome analysis.pdf,Cell Fate Determination of the Potato Shoot Apex and Stolon Tips Revealed by Single‐Cell Transcriptome Analysis,ENA Project,PRJNA706435
Guo et al. 2025 - Cell fate determination of the potato shoot apex and stolon tips revealed by single-cell transcriptome analysis.pdf,Cell Fate Determination of the Potato Shoot Apex and Stolon Tips Revealed by Single‐Cell Transcriptome Analysis,GEO Series,GSE123818
Guo et al. 2025 - Cell fate determination of the potato shoot apex and stolon tips revealed by single-cell transcriptome analysis.pdf,Cell Fate Determination of the Potato Shoot Apex and Stolon Tips Revealed by Single‐Cell Transcriptome Analysis,GEO Series,GSE141730
Guo et al. 2025 - Cell fate determination of the potato shoot apex and stolon tips revealed by single-cell transcriptome analysis.pdf,Cell Fate Determination of the Potato Shoot Apex and Stolon Tips Revealed by Single‐Cell Transcriptome Analysis,GEO Series,GSE123013
Han et al. 2023 - Time series single-cell transcriptional atlases reveal cell fate differentiation driven by light in Arabidopsis seedlings.pdf,Time series single-cell transcriptional atlases reveal cell fate differentiation driven by light in Arabidopsis seedlings,,
Hou et al. 2021 - High-throughput single-cell transcriptomics reveals the female germline differentiation trajectory in Arabidopsis thaliana.pdf,High-throughput single-cell transcriptomics reveals the female germline differentiation trajectory in Arabidopsis thaliana,ENA Project,PRJEB47244
Hu et al. 2025 - Evolution of a SHOOTMERISTEMLESS transcription factor binding site promotes fruit shape determination.pdf,Evolution of a SHOOTMERISTEMLESS transcription factor binding site promotes fruit shape determination,ENA Project,PRJNA1067523
"Ichino et al. 2022 - Single-nucleus RNA-seq reveals that MBD5, MBD6, and SILENZIO maintain silencing in the vegetative cell of developing pollen.pdf","Single-nucleus RNA-seq reveals that MBD5, MBD6, and SILENZIO maintain silencing in the vegetative cell of developing pollen",GEO Series,GSE202422
"Ichino et al. 2022 - Single-nucleus RNA-seq reveals that MBD5, MBD6, and SILENZIO maintain silencing in the vegetative cell of developing pollen.pdf","Single-nucleus RNA-seq reveals that MBD5, MBD6, and SILENZIO maintain silencing in the vegetative cell of developing pollen",GEO Sample,GSM4700179
"Ichino et al. 2022 - Single-nucleus RNA-seq reveals that MBD5, MBD6, and SILENZIO maintain silencing in the vegetative cell of developing pollen.pdf","Single-nucleus RNA-seq reveals that MBD5, MBD6, and SILENZIO maintain silencing in the vegetative cell of developing pollen",GEO Sample,GSM4700180
"Ichino et al. 2022 - Single-nucleus RNA-seq reveals that MBD5, MBD6, and SILENZIO maintain silencing in the vegetative cell of developing pollen.pdf","Single-nucleus RNA-seq reveals that MBD5, MBD6, and SILENZIO maintain silencing in the vegetative cell of developing pollen",GEO Sample,GSM4700181
"Ichino et al. 2022 - Single-nucleus RNA-seq reveals that MBD5, MBD6, and SILENZIO maintain silencing in the vegetative cell of developing pollen.pdf","Single-nucleus RNA-seq reveals that MBD5, MBD6, and SILENZIO maintain silencing in the vegetative cell of developing pollen",GEO Sample,GSM4700188
"Ichino et al. 2022 - Single-nucleus RNA-seq reveals that MBD5, MBD6, and SILENZIO maintain silencing in the vegetative cell of developing pollen.pdf","Single-nucleus RNA-seq reveals that MBD5, MBD6, and SILENZIO maintain silencing in the vegetative cell of developing pollen",GEO Sample,GSM4700189
"Ichino et al. 2022 - Single-nucleus RNA-seq reveals that MBD5, MBD6, and SILENZIO maintain silencing in the vegetative cell of developing pollen.pdf","Single-nucleus RNA-seq reveals that MBD5, MBD6, and SILENZIO maintain silencing in the vegetative cell of developing pollen",GEO Sample,GSM4700190
"Ichino et al. 2022 - Single-nucleus RNA-seq reveals that MBD5, MBD6, and SILENZIO maintain silencing in the vegetative cell of developing pollen.pdf","Single-nucleus RNA-seq reveals that MBD5, MBD6, and SILENZIO maintain silencing in the vegetative cell of developing pollen",GEO Sample,GSM5026083
"Ichino et al. 2022 - Single-nucleus RNA-seq reveals that MBD5, MBD6, and SILENZIO maintain silencing in the vegetative cell of developing pollen.pdf","Single-nucleus RNA-seq reveals that MBD5, MBD6, and SILENZIO maintain silencing in the vegetative cell of developing pollen",GEO Sample,GSM5026091
"Ichino et al. 2022 - Single-nucleus RNA-seq reveals that MBD5, MBD6, and SILENZIO maintain silencing in the vegetative cell of developing pollen.pdf","Single-nucleus RNA-seq reveals that MBD5, MBD6, and SILENZIO maintain silencing in the vegetative cell of developing pollen",GEO Sample,GSM5026092
"Ichino et al. 2022 - Single-nucleus RNA-seq reveals that MBD5, MBD6, and SILENZIO maintain silencing in the vegetative cell of developing pollen.pdf","Single-nucleus RNA-seq reveals that MBD5, MBD6, and SILENZIO maintain silencing in the vegetative cell of developing pollen",GEO Sample,GSM5026094
"Ichino et al. 2022 - Single-nucleus RNA-seq reveals that MBD5, MBD6, and SILENZIO maintain silencing in the vegetative cell of developing pollen.pdf","Single-nucleus RNA-seq reveals that MBD5, MBD6, and SILENZIO maintain silencing in the vegetative cell of developing pollen",GEO Sample,GSM5026098
"Ichino et al. 2022 - Single-nucleus RNA-seq reveals that MBD5, MBD6, and SILENZIO maintain silencing in the vegetative cell of developing pollen.pdf","Single-nucleus RNA-seq reveals that MBD5, MBD6, and SILENZIO maintain silencing in the vegetative cell of developing pollen",GEO Sample,GSM5026103
"Ichino et al. 2022 - Single-nucleus RNA-seq reveals that MBD5, MBD6, and SILENZIO maintain silencing in the vegetative cell of developing pollen.pdf","Single-nucleus RNA-seq reveals that MBD5, MBD6, and SILENZIO maintain silencing in the vegetative cell of developing pollen",GEO Sample,GSM938342
"Ichino et al. 2022 - Single-nucleus RNA-seq reveals that MBD5, MBD6, and SILENZIO maintain silencing in the vegetative cell of developing pollen.pdf","Single-nucleus RNA-seq reveals that MBD5, MBD6, and SILENZIO maintain silencing in the vegetative cell of developing pollen",GEO Sample,GSM938343
"Ichino et al. 2022 - Single-nucleus RNA-seq reveals that MBD5, MBD6, and SILENZIO maintain silencing in the vegetative cell of developing pollen.pdf","Single-nucleus RNA-seq reveals that MBD5, MBD6, and SILENZIO maintain silencing in the vegetative cell of developing pollen",GEO Sample,GSM938348
"Ichino et al. 2022 - Single-nucleus RNA-seq reveals that MBD5, MBD6, and SILENZIO maintain silencing in the vegetative cell of developing pollen.pdf","Single-nucleus RNA-seq reveals that MBD5, MBD6, and SILENZIO maintain silencing in the vegetative cell of developing pollen",GEO Sample,GSM938349
"Ichino et al. 2022 - Single-nucleus RNA-seq reveals that MBD5, MBD6, and SILENZIO maintain silencing in the vegetative cell of developing pollen.pdf","Single-nucleus RNA-seq reveals that MBD5, MBD6, and SILENZIO maintain silencing in the vegetative cell of developing pollen",GEO Sample,GSM5026060
"Ichino et al. 2022 - Single-nucleus RNA-seq reveals that MBD5, MBD6, and SILENZIO maintain silencing in the vegetative cell of developing pollen.pdf","Single-nucleus RNA-seq reveals that MBD5, MBD6, and SILENZIO maintain silencing in the vegetative cell of developing pollen",GEO Sample,GSM5026061
"Ichino et al. 2022 - Single-nucleus RNA-seq reveals that MBD5, MBD6, and SILENZIO maintain silencing in the vegetative cell of developing pollen.pdf","Single-nucleus RNA-seq reveals that MBD5, MBD6, and SILENZIO maintain silencing in the vegetative cell of developing pollen",GEO Sample,GSM952445
"Ichino et al. 2022 - Single-nucleus RNA-seq reveals that MBD5, MBD6, and SILENZIO maintain silencing in the vegetative cell of developing pollen.pdf","Single-nucleus RNA-seq reveals that MBD5, MBD6, and SILENZIO maintain silencing in the vegetative cell of developing pollen",GEO Sample,GSM952447
"Ichino et al. 2022 - Single-nucleus RNA-seq reveals that MBD5, MBD6, and SILENZIO maintain silencing in the vegetative cell of developing pollen.pdf","Single-nucleus RNA-seq reveals that MBD5, MBD6, and SILENZIO maintain silencing in the vegetative cell of developing pollen",GEO Sample,GSM4699541
"Ichino et al. 2022 - Single-nucleus RNA-seq reveals that MBD5, MBD6, and SILENZIO maintain silencing in the vegetative cell of developing pollen.pdf","Single-nucleus RNA-seq reveals that MBD5, MBD6, and SILENZIO maintain silencing in the vegetative cell of developing pollen",GEO Sample,GSM4699544
"Ichino et al. 2022 - Single-nucleus RNA-seq reveals that MBD5, MBD6, and SILENZIO maintain silencing in the vegetative cell of developing pollen.pdf","Single-nucleus RNA-seq reveals that MBD5, MBD6, and SILENZIO maintain silencing in the vegetative cell of developing pollen",GEO Sample,GSM5027098
"Ichino et al. 2022 - Single-nucleus RNA-seq reveals that MBD5, MBD6, and SILENZIO maintain silencing in the vegetative cell of developing pollen.pdf","Single-nucleus RNA-seq reveals that MBD5, MBD6, and SILENZIO maintain silencing in the vegetative cell of developing pollen",GEO Sample,GSM5027100
Illouz-Eliaz et al. 2023 - Stress recovery triggers rapid transcriptional reprogramming and activation of immunity in plants.pdf,Stress Recovery Triggers Rapid Transcriptional Reprogramming and Activation of Immunity in Plants,GEO Series,GSE220278
Jean-Baptiste et al. 2019 - Dynamics of Gene Expression in Single Root Cells of Arabidopsis thaliana.pdf,Dynamics of Gene Expression in Single Root Cells of Arabidopsis thaliana,GEO Series,GSE121619
Kang et al. 2022 - Single-cell RNA-sequencing of Nicotiana attenuata corolla cells reveals the biosynthetic pathway of a floral scent.pdf,Single‐cell RNA‐sequencing of Nicotiana attenuata corolla cells reveals the biosynthetic pathway of a floral scent,GEO Series,GSE193464
Kao et al. 2021 - Gene expression variation in Arabidopsis embryos at single-nucleus resolution.pdf,untitled,GEO Series,GSE169284
Ke et al. 2021 - Single-cell transcriptome profiling of buffelgrass (Cenchrus ciliaris) eggs unveils apomictic parthenogenesis signatures.pdf,Single-cell transcriptome profiling of buffelgrass (Cenchrus ciliaris) eggs unveils apomictic parthenogenesis signatures,,
Ke et al. 2025 - A single-cell and spatial wheat root atlas with cross-s ... ions delineates conserved tissue-specific marker genes and regulators.pdf,A single-cell and spatial wheat root atlas with cross-species annotations delineates conserved tissue-specific marker genes and regulators,GEO Series,GSE270342
Ke et al. 2025 - A single-cell and spatial wheat root atlas with cross-s ... ions delineates conserved tissue-specific marker genes and regulators.pdf,A single-cell and spatial wheat root atlas with cross-species annotations delineates conserved tissue-specific marker genes and regulators,GEO Series,GSE271725
Ke et al. 2025 - A single-cell and spatial wheat root atlas with cross-s ... ions delineates conserved tissue-specific marker genes and regulators.pdf,A single-cell and spatial wheat root atlas with cross-species annotations delineates conserved tissue-specific marker genes and regulators,GEO Series,GSE141730
Ke et al. 2025 - A single-cell and spatial wheat root atlas with cross-s ... ions delineates conserved tissue-specific marker genes and regulators.pdf,A single-cell and spatial wheat root atlas with cross-species annotations delineates conserved tissue-specific marker genes and regulators,GEO Series,GSE146035
Ke et al. 2025 - A single-cell and spatial wheat root atlas with cross-s ... ions delineates conserved tissue-specific marker genes and regulators.pdf,A single-cell and spatial wheat root atlas with cross-species annotations delineates conserved tissue-specific marker genes and regulators,GEO Series,GSE172302
Kim et al. 2021 - Distinct identities of leaf phloem cells revealed by single cell transcriptomics.pdf,OP-PLCE200060 511..530,GEO Series,GSE161482
Kim et al. 2023 - Cell type-specific attenuation of brassinosteroid signaling precedes stomatal asymmetric cell division.pdf,Cell type–specific attenuation of brassinosteroid signaling precedes stomatal asymmetric cell division,GEO Series,GSE193451
Lee et al. 2023 - A single-nucleus atlas of seed-to-seed development in Arabidopsis.pdf,A Single-Nucleus Atlas of Seed-to-Seed Development in Arabidopsis,GEO Series,GSE226097
Lee et al. 2025 - Glutathione accelerates the cell cycle and cellular reprogramming in plant regeneration.pdf,Glutathione accelerates the cell cycle and cellular reprogramming in plant regeneration,GEO Series,GSE269623
Lee et al. 2025 - Glutathione accelerates the cell cycle and cellular reprogramming in plant regeneration.pdf,Glutathione accelerates the cell cycle and cellular reprogramming in plant regeneration,GEO Series,GSE269624
Li et al. 2021 - Single-cell RNA sequencing reveals a high-resolution cell atlas of xylem in Populus.pdf,Single‐cell RNA sequencing reveals a high‐resolution cell atlas of xylem in Populus,ENA Project,PRJNA703312
Li et al. 2023 - Combining single-cell RNA sequencing with spatial trans ... cambium differentiation in the primary and secondary growth of trees.pdf,Combining single-cell RNA sequencing with spatial transcriptome analysis reveals dynamic molecular maps of cambium differentiation in the primary and secondary growth of trees,,
Li et al. 2023 - Single-cell multi-omics in the medicinal plant Catharanthus roseus.pdf,Single-cell multi-omics in the medicinal plant Catharanthus roseus,ENA Project,PRJNA847226
Li et al. 2023 - Transcriptional landscape of cotton roots in response to salt stress at single-cell resolution.pdf,Transcriptional landscape of cotton roots in response to salt stress at single-cell resolution,GEO Series,GSE226218
Li et al. 2024 - Full-length RNA sequencing and single-nucleus sequencin ... ntal trajectories in laticiferous canals of Decaisnea insignis fruits.pdf,Full-length RNA sequencing and single-nucleus sequencing deciphers programmed cell death and developmental trajectories in laticiferous canals of Decaisnea insignis fruits,,
Li et al. 2024 - Single-cell and spatial RNA sequencing reveal the spatiotemporal trajectories of fruit senescence.pdf,Single-cell and spatial RNA sequencing reveal the spatiotemporal trajectories of fruit senescence,ENA Project,PRJNA974579
Li et al. 2024 - Single-cell and spatial RNA sequencing reveal the spatiotemporal trajectories of fruit senescence.pdf,Single-cell and spatial RNA sequencing reveal the spatiotemporal trajectories of fruit senescence,ENA Project,PRJNA1002459
Li et al. 2024 - Single-cell transcriptome profiling reveals the spatiot ... e element activity in Gynostemma pentaphyllum shoot apexes and leaves.pdf,Single-cell transcriptome,ENA Project,PRJNA1030183
Li et al. 2024 - Single-cell transcriptome profiling reveals the spatiot ... e element activity in Gynostemma pentaphyllum shoot apexes and leaves.pdf,Single-cell transcriptome,ENA Project,PRJNA1064230
Li et al. 2024 - Single-cell transcriptomic and cell‑type‑specific regul ... temperature-sensitive cytoplasmic male sterility of Brassica napus L.pdf,Single-cell transcriptomic,,
Li et al. 2025 - Cell-type-aware regulatory landscapes governing monoter ... dole alkaloid biosynthesis in the medicinal plant Catharanthus roseus.pdf,Cell‐type‐aware regulatory landscapes governing monoterpene indole alkaloid biosynthesis in the medicinal plant Catharanthus roseus,ENA Project,PRJNA1098712
Liang et al. 2023 - Single-cell transcriptomic analyses reveal cellular ... ar patterns of rubber tree response to early powdery mildew infection.pdf,Single‐cell transcriptomic analyses reveal cellular and molecular patterns of rubber tree response to early powdery mildew infection,,
Liang et al. 2025 - Single-cell RNA sequencing of shoot apex reveals the ... regulating cell division via auxin signaling pathway in Populus alba.pdf,Single-cell RNA sequencing of,,
Liew et al. 2024 - Establishment of single-cell transcriptional states during seed germination.pdf,Establishment of single-cell transcriptional states during seed germination,,
Lin et al. 2023 - Single-cell RNA sequencing reveals a hierarchical tran ... network of terpenoid biosynthesis in cotton secretory glandular cells.pdf,Single-cell RNA sequencing reveals a hierarchical transcriptional regulatory network of terpenoid biosynthesis in cotton secretory glandular cells,ENA Project,PRJNA248163
Lin et al. 2023 - Single-cell RNA sequencing reveals a hierarchical tran ... network of terpenoid biosynthesis in cotton secretory glandular cells.pdf,Single-cell RNA sequencing reveals a hierarchical transcriptional regulatory network of terpenoid biosynthesis in cotton secretory glandular cells,ENA Project,PRJNA600707
Lin et al. 2023 - Single-cell RNA sequencing reveals a hierarchical tran ... network of terpenoid biosynthesis in cotton secretory glandular cells.pdf,Single-cell RNA sequencing reveals a hierarchical transcriptional regulatory network of terpenoid biosynthesis in cotton secretory glandular cells,GEO Series,GSE243419
Lin et al. 2024 - Root-specific secondary metabolism at the single-cell ... abolism and regulation in the roots of tea plants (Camellia sinensis).pdf,"Figure 7, Source Data 1.",,
Liu et al. 2020 - Global dynamic molecular profiling of stomatal lineage cell development by single-cell RNA sequencing.pdf,Global Dynamic Molecular Profiling of Stomatal Lineage Cell Development by Single-Cell RNA Sequencing,,
Liu et al. 2021 - Single-cell RNA-seq describes the transcriptome landsc ... in the leaf blade of the allotetraploid peanut (Arachis hypogaea L.).pdf,Single‐cell RNA‐seq describes the transcriptome landscape and identifies critical transcription factors in the leaf blade of the allotetraploid peanut (Arachis hypogaea L.),,
Liu et al. 2021 - Transcriptional landscape of rice roots at the single-cell resolution.pdf,Transcriptional landscape of rice roots at the single-cell resolution,GEO Series,GSE146035
Liu et al. 2022 - Identification of novel regulators required for early ... pment of vein pattern in the cotyledons by single-cell RNA-sequencing.pdf,Identification of novel regulators required for early development of vein pattern in the cotyledons by single‐cell RNA‐sequencing,,
Liu et al. 2022 - Identification of the regulators of epidermis development under drought- and salt-stressed conditions by single-cell RNA-Seq.pdf,Identification of the Regulators of Epidermis Development under Drought- and Salt-Stressed Conditions by Single-Cell RNA-Seq,,
Liu et al. 2022 - Transcriptional landscapes of de novo root regeneratio ... leaves revealed by time-lapse and single-cell RNA sequencing analyses.pdf,Transcriptional landscapes of de novo root regeneration from detached Arabidopsis leaves revealed by time-lapse and single-cell RNA sequencing analyses,GEO Series,GSE120418
Liu et al. 2022 - Transcriptional landscapes of de novo root regeneratio ... leaves revealed by time-lapse and single-cell RNA sequencing analyses.pdf,Transcriptional landscapes of de novo root regeneration from detached Arabidopsis leaves revealed by time-lapse and single-cell RNA sequencing analyses,GEO Series,GSE147301
Liu et al. 2022 - Transcriptional landscapes of de novo root regeneratio ... leaves revealed by time-lapse and single-cell RNA sequencing analyses.pdf,Transcriptional landscapes of de novo root regeneration from detached Arabidopsis leaves revealed by time-lapse and single-cell RNA sequencing analyses,GEO Series,GSE147296
Liu et al. 2022 - Transcriptional landscapes of de novo root regeneratio ... leaves revealed by time-lapse and single-cell RNA sequencing analyses.pdf,Transcriptional landscapes of de novo root regeneration from detached Arabidopsis leaves revealed by time-lapse and single-cell RNA sequencing analyses,GEO Series,GSE147289
Liu et al. 2022 - Transcriptional landscapes of de novo root regeneratio ... leaves revealed by time-lapse and single-cell RNA sequencing analyses.pdf,Transcriptional landscapes of de novo root regeneration from detached Arabidopsis leaves revealed by time-lapse and single-cell RNA sequencing analyses,GEO Sample,GSM3400572
Liu et al. 2022 - Transcriptional landscapes of de novo root regeneratio ... leaves revealed by time-lapse and single-cell RNA sequencing analyses.pdf,Transcriptional landscapes of de novo root regeneration from detached Arabidopsis leaves revealed by time-lapse and single-cell RNA sequencing analyses,GEO Sample,GSM3400574
Liu et al. 2022 - Transcriptional landscapes of de novo root regeneratio ... leaves revealed by time-lapse and single-cell RNA sequencing analyses.pdf,Transcriptional landscapes of de novo root regeneration from detached Arabidopsis leaves revealed by time-lapse and single-cell RNA sequencing analyses,GEO Sample,GSM3400576
Liu et al. 2022 - Transcriptional landscapes of de novo root regeneratio ... leaves revealed by time-lapse and single-cell RNA sequencing analyses.pdf,Transcriptional landscapes of de novo root regeneration from detached Arabidopsis leaves revealed by time-lapse and single-cell RNA sequencing analyses,GEO Sample,GSM3400578
Liu et al. 2022 - Transcriptional landscapes of de novo root regeneratio ... leaves revealed by time-lapse and single-cell RNA sequencing analyses.pdf,Transcriptional landscapes of de novo root regeneration from detached Arabidopsis leaves revealed by time-lapse and single-cell RNA sequencing analyses,GEO Sample,GSM3400580
Liu et al. 2022 - Transcriptional landscapes of de novo root regeneratio ... leaves revealed by time-lapse and single-cell RNA sequencing analyses.pdf,Transcriptional landscapes of de novo root regeneration from detached Arabidopsis leaves revealed by time-lapse and single-cell RNA sequencing analyses,GEO Sample,GSM3400582
Liu et al. 2022 - Transcriptional landscapes of de novo root regeneratio ... leaves revealed by time-lapse and single-cell RNA sequencing analyses.pdf,Transcriptional landscapes of de novo root regeneration from detached Arabidopsis leaves revealed by time-lapse and single-cell RNA sequencing analyses,GEO Sample,GSM3400584
Liu et al. 2022 - Transcriptional landscapes of de novo root regeneratio ... leaves revealed by time-lapse and single-cell RNA sequencing analyses.pdf,Transcriptional landscapes of de novo root regeneration from detached Arabidopsis leaves revealed by time-lapse and single-cell RNA sequencing analyses,GEO Sample,GSM3400586
Liu et al. 2023 - Integrated single-nucleus and spatial transcriptomics captures transitional states in soybean nodule maturation.pdf,Integrated single-nucleus and spatial transcriptomics captures transitional states in soybean nodule maturation,,
Liu et al. 2023 - Single-nucleus transcriptomes reveal spatiotemporal symbiotic perception and early response in Medicago.pdf,Single-nucleus transcriptomes reveal spatiotemporal symbiotic perception and early response in Medicago,,
Liu et al. 2024 - Single-cell transcriptomic analysis reveals the develo ... ctory and transcriptional regulatory networks of quinoa salt bladders.pdf,Single-cell transcriptomic analysis reveals the developmental trajectory and transcriptional regulatory networks of,,
Long et al. 2021 - FlsnRNA-seq - protoplasting-free full-length single-nucleus RNA profiling in plants.pdf,FlsnRNA-seq: protoplasting-free full-length single-nucleus RNA profiling in plants,ENA Project,PRJNA664874
Long et al. 2021 - FlsnRNA-seq - protoplasting-free full-length single-nucleus RNA profiling in plants.pdf,FlsnRNA-seq: protoplasting-free full-length single-nucleus RNA profiling in plants,ENA Project,PRJNA685588
Long et al. 2023 - Single-cell transcriptome atlas identified novel regulators for pigment gland morphogenesis in cotton.pdf,Single‐cell transcriptome atlas identified novel regulators for pigment gland morphogenesis in cotton,,
Lopez-Anido et al. 2021 - Single-cell resolution of lineage trajectories in the Arabidopsis stomatal lineage and developing leaf.pdf,Single-Cell Resolution of Lineage Trajectories in the Arabidopsis Stomatal Lineage and Developing Leaf,,
Lu et al. 2025 - Development of an inducible DNA barcoding system to understand lineage changes in Arabidopsis regeneration.pdf,Development of an inducible DNA barcoding system to understand lineage changes in Arabidopsis regeneration,,
Lyu et al. 2025 - The dynamic and diverse nature of parenchyma cells in the Arabidopsis root during secondary growth.pdf,The dynamic and diverse nature of parenchyma cells in the Arabidopsis root during secondary growth,GEO Series,GSE270140
Ma et al. 2021 - Single-cell RNA sequencing of batch Chlamydomonas cultures reveals heterogeneity in their diurnal cycle phase.pdf,OP-PLCE210025 1042..1057,GEO Series,GSE157580
Ma et al. 2025 - Single-cell RNA sequencing reveals a key regulator ZmEREB14 affecting shoot apex development and yield formation in maize.pdf,Single‐cell RNA sequencing reveals a key regulator ZmEREB14 affecting shoot apex development and yield formation in maize,,
Maeda et al. 2023 - Single-cell RNA sequencing of Arabidopsis leaf tissu ... - Idioblast myrosin cells and potential glucosinolate-producing cells.pdf,"Guard Cell Transcriptome Reveals Membrane Transport, Stomatal Development and Cell Wall Modifications as Key Traits Involved in Salinity Tolerance in Halophytic Chenopodium quinoa",,
Marand et al. 2021 - A cis-regulatory atlas in maize at single-cell resolution.pdf,A cis-regulatory atlas in maize at single-cell resolution,ENA Project,PRJNA338953
Marand et al. 2021 - A cis-regulatory atlas in maize at single-cell resolution.pdf,A cis-regulatory atlas in maize at single-cell resolution,GEO Series,GSE155178
Marand et al. 2025 - The genetic architecture of cell type-specific cis regulation in maize.pdf,The genetic architecture of cell type–specific cis regulation in maize,GEO Series,GSE275410
Marchant and Walbot 2025 - The establishment of the anther somatic niche with single-cell sequencing.pdf,The establishment of the anther somatic niche with single-cell sequencing,GEO Series,GSE219091
Mendieta et al. 2024 - Investigating the cis-regulatory basis of C3 and C4 photosynthesis in grasses at single-cell resolution.pdf,Investigating the cis-regulatory basis of C3 and C4 photosynthesis in grasses at single-cell resolution,ENA Project,PRJNA1063172
Mendieta et al. 2024 - Investigating the cis-regulatory basis of C3 and C4 photosynthesis in grasses at single-cell resolution.pdf,Investigating the cis-regulatory basis of C3 and C4 photosynthesis in grasses at single-cell resolution,ENA Project,PRJNA100757
Miller et al. 2025 - A single-nuclei transcriptome census of the Arabidopsis maturing root identifies that MYB67 controls phellem cell maturation.pdf,A single-nuclei transcriptome census of the Arabidopsis maturing root identifies that MYB67 controls phellem cell maturation,GEO Series,GSE261441
Miller et al. 2025 - A single-nuclei transcriptome census of the Arabidopsis maturing root identifies that MYB67 controls phellem cell maturation.pdf,A single-nuclei transcriptome census of the Arabidopsis maturing root identifies that MYB67 controls phellem cell maturation,GEO Series,GSE261437
Miller et al. 2025 - A single-nuclei transcriptome census of the Arabidopsis maturing root identifies that MYB67 controls phellem cell maturation.pdf,A single-nuclei transcriptome census of the Arabidopsis maturing root identifies that MYB67 controls phellem cell maturation,GEO Series,GSE261431
Misra et al. 2019 - Transcriptomics of Arabidopsis sperm cells at single-cell resolution.pdf,Transcriptomics of Arabidopsis sperm cells at single-cell resolution,,
Nelms and Walbot 2019 - Defining the developmental program leading to meiosis in maize.pdf,Science Journals — AAAS,GEO Series,GSE121039
Neumann et al. 2022 - A 3D gene expression atlas of the floral meristem based on spatial reconstruction of single nucleus RNA sequencing data.pdf,A 3D gene expression atlas of the floral meristem based on spatial reconstruction of single nucleus RNA sequencing data,ENA Project,PRJNA31407666
Neumann et al. 2022 - A 3D gene expression atlas of the floral meristem based on spatial reconstruction of single nucleus RNA sequencing data.pdf,A 3D gene expression atlas of the floral meristem based on spatial reconstruction of single nucleus RNA sequencing data,ENA Project,PRJNA47123267
Neumann et al. 2022 - A 3D gene expression atlas of the floral meristem based on spatial reconstruction of single nucleus RNA sequencing data.pdf,A 3D gene expression atlas of the floral meristem based on spatial reconstruction of single nucleus RNA sequencing data,ENA Project,PRJNA59560545
Neumann et al. 2022 - A 3D gene expression atlas of the floral meristem based on spatial reconstruction of single nucleus RNA sequencing data.pdf,A 3D gene expression atlas of the floral meristem based on spatial reconstruction of single nucleus RNA sequencing data,GEO Series,GSE2810965
Neumann et al. 2022 - A 3D gene expression atlas of the floral meristem based on spatial reconstruction of single nucleus RNA sequencing data.pdf,A 3D gene expression atlas of the floral meristem based on spatial reconstruction of single nucleus RNA sequencing data,GEO Series,GSE28109
Neumann et al. 2022 - A 3D gene expression atlas of the floral meristem based on spatial reconstruction of single nucleus RNA sequencing data.pdf,A 3D gene expression atlas of the floral meristem based on spatial reconstruction of single nucleus RNA sequencing data,GEO Series,GSE174599
Neumann et al. 2022 - A 3D gene expression atlas of the floral meristem based on spatial reconstruction of single nucleus RNA sequencing data.pdf,A 3D gene expression atlas of the floral meristem based on spatial reconstruction of single nucleus RNA sequencing data,GEO Series,GSE174656
Nguyen et al. 2023 - A redundant transcription factor network steers spatiotemporal Arabidopsis triterpene synthesis.pdf,A redundant transcription factor network steers spatiotemporal Arabidopsis triterpene synthesis,GEO Series,GSE179820
Nguyen et al. 2023 - A redundant transcription factor network steers spatiotemporal Arabidopsis triterpene synthesis.pdf,A redundant transcription factor network steers spatiotemporal Arabidopsis triterpene synthesis,GEO Series,GSE212826
Nobori et al. 2025 - A rare PRIMER cell state in plant immunity.pdf,A rare PRIMER cell state in plant immunity,GEO Series,GSE226826
Nobori et al. 2025 - A rare PRIMER cell state in plant immunity.pdf,A rare PRIMER cell state in plant immunity,GEO Series,GSE248054
Nolan et al. 2023 - Brassinosteroid gene regulatory networks at cellular resolution in the Arabidopsis root.pdf,Brassinosteroid gene regulatory networks at cellular resolution in the Arabidopsis root,GEO Series,GSE212230
Ogura et al. 2023 - WUSCHEL-RELATED HOMEOBOX 13 suppresses de novo shoot regeneration via cell fate control of pluripotent callus.pdf,WUSCHEL-RELATED HOMEOBOX 13 suppresses de novo shoot regeneration via cell fate control of pluripotent callus,GEO Series,GSE227564
Omary et al. 2022 - A conserved superlocus regulates above- and belowground root initiation.pdf,A conserved superlocus regulates above- and belowground root initiation,GEO Series,GSE159055
Omary et al. 2022 - A conserved superlocus regulates above- and belowground root initiation.pdf,A conserved superlocus regulates above- and belowground root initiation,GEO Series,GSE159050
Ortiz-Ramírez et al. 2021 - Ground tissue circuitry regulates organ complexity in maize and Setaria.pdf,Ground tissue circuitry regulates organ complexity in maize and Setaria,GEO Series,GSE172302
Otero et al. 2022 - A root phloem pole cell atlas reveals common transcriptional states in protophloem-adjacent cells.pdf,A root phloem pole cell atlas reveals common transcriptional states in protophloem-adjacent cells,GEO Series,GSE181999
Otero et al. 2022 - A root phloem pole cell atlas reveals common transcriptional states in protophloem-adjacent cells.pdf,A root phloem pole cell atlas reveals common transcriptional states in protophloem-adjacent cells,GEO Series,GSE182672
Ouyang et al. 2022 - Profiling plant histone modification at single-cell resolution using snCUT&Tag.pdf,Profiling plant histone modification at single‐cell resolution using snCUT&Tag,,
Pereira et al. 2024 - The single-cell transcriptome program of nodule development cellular lineages in Medicago truncatula.pdf,The single-cell transcriptome program of nodule development cellular lineages in Medicago truncatula,ENA Project,PRJNA704996
Pereira et al. 2024 - The single-cell transcriptome program of nodule development cellular lineages in Medicago truncatula.pdf,The single-cell transcriptome program of nodule development cellular lineages in Medicago truncatula,GEO Series,GSE224539
Pereira et al. 2024 - The single-cell transcriptome program of nodule development cellular lineages in Medicago truncatula.pdf,The single-cell transcriptome program of nodule development cellular lineages in Medicago truncatula,GEO Series,GSE22453980
Picard et al. 2021 - Transcriptional and imprinting complexity in Arabidopsis seeds at single-nucleus resolution.pdf,Transcriptional and imprinting complexity in Arabidopsis seeds at single-nucleus resolution,GEO Series,GSE157145
Procko et al. 2022 - Leaf cell-specific and single-cell transcriptional profiling reveals a role for the palisade layer in UV light protection.pdf,OP-PLCE220169 3261..3279,GEO Series,GSE182414
Procko et al. 2022 - Leaf cell-specific and single-cell transcriptional profiling reveals a role for the palisade layer in UV light protection.pdf,OP-PLCE220169 3261..3279,GEO Series,GSE184511
Qin et al. 2022 - Single-cell RNA-seq reveals fate determination control of an individual fibre cell initiation in cotton (Gossypium hirsutum).pdf,Single‐cell RNA‐seq reveals fate determination control of an individual fibre cell initiation in cotton (Gossypium hirsutum),ENA Project,PRJNA600131
"Rahni et al. 2024 - A temporal map of division, chromatin modification, and identity specification in the regenerating root.pdf","A temporal map of division, chromatin modification, and identity specification in the regenerating root",,
Roszak et al. 2021 - Cell-by-cell dissection of phloem development links a maturation gradient to cell specialization.pdf,Cell-by-cell dissection of phloem development links a maturation gradient to cell specialization,GEO Series,GSE142259
Roszak et al. 2021 - Cell-by-cell dissection of phloem development links a maturation gradient to cell specialization.pdf,Cell-by-cell dissection of phloem development links a maturation gradient to cell specialization,GEO Series,GSE140778
Roszak et al. 2021 - Cell-by-cell dissection of phloem development links a maturation gradient to cell specialization.pdf,Cell-by-cell dissection of phloem development links a maturation gradient to cell specialization,GEO Series,GSE140977
Ryu et al. 2019 - Single-Cell RNA Sequencing Resolves Molecular Relationships Among Individual Plant Cells.pdf,Single-Cell RNA Sequencing Resolves Molecular Relationships Among Individual Plant Cells1[OPEN],GEO Series,GSE123013
Satterlee et al. 2020 - Plant stem-cell organization and differentiation at single-cell resolution.pdf,Plant stem-cell organization and differentiation at single-cell resolution,ENA Project,PRJNA637882
Satterlee et al. 2023 - A Wox3-patterning module organizes planar growth in grass leaves and ligules.pdf,A Wox3-patterning module organizes planar growth in grass leaves and ligules,ENA Project,PRJNA924780
Serrano et al. 2024 - Spatial co-transcriptomics reveals discrete stages of the arbuscular mycorrhizal symbiosis.pdf,Spatial co-transcriptomics reveals discrete,GEO Series,GSE240107
Serrano-Ron et al. 2021 - Reconstruction of lateral root formation through single-cell RNA sequencing reveals order of tissue initiation.pdf,Reconstruction of lateral root formation through single-cell RNA sequencing reveals order of tissue initiation,GEO Series,GSE161970
Shulse et al. 2019 - High-Throughput Single-Cell Transcriptome Profiling of Plant Cell Types.pdf,High-Throughput Single-Cell Transcriptome Profiling of Plant Cell Types,ENA Project,PRJNA323955
Shulse et al. 2019 - High-Throughput Single-Cell Transcriptome Profiling of Plant Cell Types.pdf,High-Throughput Single-Cell Transcriptome Profiling of Plant Cell Types,GEO Series,GSE122687
Shulse et al. 2019 - High-Throughput Single-Cell Transcriptome Profiling of Plant Cell Types.pdf,High-Throughput Single-Cell Transcriptome Profiling of Plant Cell Types,GEO Sample,GSM2616967
Song et al. 2020 - Single-cell RNA-seq analysis reveals ploidy-dependent ... ell-specific transcriptome changes in Arabidopsis female gametophytes.pdf,Single-cell RNA-seq analysis reveals ploidy-dependent and cell-specific transcriptome changes in Arabidopsis female gametophytes,,
Song et al. 2022 - Single-cell transcriptome sequencing atlas of cassava tuberous root.pdf,Single-cell transcriptome sequencing atlas of cassava tuberous root,ENA Project,PRJNA895163
Song et al. 2024 - Single-cell RNA-sequencing of soybean reveals transcr ... unctions of GmGSTU23 and GmGSTU24 in response to soybean mosaic virus.pdf,Single‐Cell RNA‐Sequencing of Soybean Reveals Transcriptional Changes and Antiviral Functions of GmGSTU23 and GmGSTU24 in Response to Soybean Mosaic Virus,,
Sun et al. 2022 - Single-cell transcriptome reveals dominant subgenome expression and transcriptional response to heat stress in Chinese cabbage.pdf,Single-cell transcriptome reveals dominant subgenome expression and transcriptional response to heat stress in Chinese cabbage,,
Sun et al. 2023 - A high-resolution transcriptomic atlas depicting nitrogen fixation and nodule development in soybean.pdf,A high‐resolution transcriptomic atlas depicting nitrogen fixation and nodule development in soybean,,
Sun et al. 2023 - Single-cell RNA sequencing provides a high-resolution ... standing the multicellular compartmentation of specialized metabolism.pdf,Single-cell RNA sequencing provides a high-resolution roadmap for understanding the multicellular compartmentation of specialized metabolism,ENA Project,PRJNA841429
Sun et al. 2023 - Single-cell RNA sequencing provides a high-resolution ... standing the multicellular compartmentation of specialized metabolism.pdf,Single-cell RNA sequencing provides a high-resolution roadmap for understanding the multicellular compartmentation of specialized metabolism,ENA Project,PRJNA759937
Sun et al. 2023 - Single-cell RNA-seq of Lotus japonicus provide insights into identification and function of root cell types of legume.pdf,Single‐cell RNA‐seq of Lotus japonicus provide insights into identification and function of root cell types of legume,,
Sun et al. 2024 - Progressive meristem and single-cell transcriptomes re ... ms underlying maize inflorescence development and sex differentiation.pdf,Progressive meristem and single-cell transcriptomes reveal the regulatory mechanisms underlying maize inflorescence development and sex differentiation,GEO Series,GSE247571
Sun et al. 2025 - Spatiotemporal transcriptome and metabolome landscapes of cotton fiber during initiation and early development.pdf,Spatiotemporal transcriptome and metabolome landscapes of cotton fiber during initiation and early development,ENA Project,PRJNA800600
Tang et al. 2023 - Cell-type-specific responses to fungal infection in plants revealed by single-cell transcriptomics.pdf,Cell-type-specific responses to fungal infection in plants revealed by single-cell transcriptomics,ENA Project,PRJNA148307
Tang et al. 2023 - Cell-type-specific responses to fungal infection in plants revealed by single-cell transcriptomics.pdf,Cell-type-specific responses to fungal infection in plants revealed by single-cell transcriptomics,ENA Project,PRJEB61052
Tao et al. 2022 - Single-cell transcriptome and network analyses unveil key transcription factors regulating mesophyll cell development in maize.pdf,Single-Cell Transcriptome and Network Analyses Unveil Key Transcription Factors Regulating Mesophyll Cell Development in Maize,ENA Project,PRJNA391551
Tao et al. 2022 - Single-cell transcriptome and network analyses unveil key transcription factors regulating mesophyll cell development in maize.pdf,Single-Cell Transcriptome and Network Analyses Unveil Key Transcription Factors Regulating Mesophyll Cell Development in Maize,ENA Project,PRJNA518749
Tao et al. 2022 - Single-cell transcriptome and network analyses unveil key transcription factors regulating mesophyll cell development in maize.pdf,Single-Cell Transcriptome and Network Analyses Unveil Key Transcription Factors Regulating Mesophyll Cell Development in Maize,GEO Series,GSE157759
Tao et al. 2022 - Single-cell transcriptome and network analyses unveil key transcription factors regulating mesophyll cell development in maize.pdf,Single-Cell Transcriptome and Network Analyses Unveil Key Transcription Factors Regulating Mesophyll Cell Development in Maize,GEO Series,GSE138526
Tao et al. 2022 - Single-cell transcriptome and network analyses unveil key transcription factors regulating mesophyll cell development in maize.pdf,Single-Cell Transcriptome and Network Analyses Unveil Key Transcription Factors Regulating Mesophyll Cell Development in Maize,GEO Series,GSE117982
Tao et al. 2022 - Single-cell transcriptome and network analyses unveil key transcription factors regulating mesophyll cell development in maize.pdf,Single-Cell Transcriptome and Network Analyses Unveil Key Transcription Factors Regulating Mesophyll Cell Development in Maize,GEO Series,GSE117964
Tao et al. 2022 - Single-cell transcriptome and network analyses unveil key transcription factors regulating mesophyll cell development in maize.pdf,Single-Cell Transcriptome and Network Analyses Unveil Key Transcription Factors Regulating Mesophyll Cell Development in Maize,GEO Series,GSE137972
Tenorio Berrío et al. 2022 - Single-cell transcriptomics sheds light on the identity and metabolism of developing leaf cells.pdf,OP-PLPH210491 898..918,,
Tenorio Berrío et al. 2025 - Dual and spatially resolved drought respons ... he Arabidopsis leaf mesophyll revealed by single-cell transcriptomics.pdf,Dual and spatially resolved drought responses in the Arabidopsis leaf mesophyll revealed by single‐cell transcriptomics,GEO Series,GSE273033
Tenorio Berrío et al. 2025 - Dual and spatially resolved drought respons ... he Arabidopsis leaf mesophyll revealed by single-cell transcriptomics.pdf,Dual and spatially resolved drought responses in the Arabidopsis leaf mesophyll revealed by single‐cell transcriptomics,GEO Series,GSE273926
Torii et al. 2022 - A guiding role of the Arabidopsis circadian clock in cell differentiation revealed by time-series single-cell RNA sequencing.pdf,A guiding role of the Arabidopsis circadian clock in cell differentiation revealed by time-series single-cell RNA sequencing,ENA Project,PRJNA551314
Tu et al. 2022 - A combinatorial indexing strategy for low-cost epigenomic profiling of plant single cells.pdf,A combinatorial indexing strategy for low-cost epigenomic profiling of plant single cells,ENA Project,PRJNA758591
Tu et al. 2022 - A combinatorial indexing strategy for low-cost epigenomic profiling of plant single cells.pdf,A combinatorial indexing strategy for low-cost epigenomic profiling of plant single cells,GEO Series,GSE155304
Tung et al. 2023 - Single-cell transcriptomics unveils xylem cell development and evolution.pdf,Single-cell transcriptomics unveils xylem cell development and evolution,ENA Project,PRJNA706435
Tung et al. 2023 - Single-cell transcriptomics unveils xylem cell development and evolution.pdf,Single-cell transcriptomics unveils xylem cell development and evolution,GEO Series,GSE81077
Tung et al. 2023 - Single-cell transcriptomics unveils xylem cell development and evolution.pdf,Single-cell transcriptomics unveils xylem cell development and evolution,GEO Series,GSE167135
Tung et al. 2023 - Single-cell transcriptomics unveils xylem cell development and evolution.pdf,Single-cell transcriptomics unveils xylem cell development and evolution,GEO Series,GSE123013
Tung et al. 2023 - Single-cell transcriptomics unveils xylem cell development and evolution.pdf,Single-cell transcriptomics unveils xylem cell development and evolution,GEO Series,GSE180121
Vukašinović et al. 2025 - Polarity-guided uneven mitotic divisions control brassinosteroid activity in proliferating plant root cells.pdf,Polarity-guided uneven mitotic divisions control brassinosteroid activity in proliferating plant root cells,GEO Series,GSE262840
Vukašinović et al. 2025 - Polarity-guided uneven mitotic divisions control brassinosteroid activity in proliferating plant root cells.pdf,Polarity-guided uneven mitotic divisions control brassinosteroid activity in proliferating plant root cells,GEO Series,GSE152766
Vukašinović et al. 2025 - Polarity-guided uneven mitotic divisions control brassinosteroid activity in proliferating plant root cells.pdf,Polarity-guided uneven mitotic divisions control brassinosteroid activity in proliferating plant root cells,GEO Sample,GSM8180251
Vukašinović et al. 2025 - Polarity-guided uneven mitotic divisions control brassinosteroid activity in proliferating plant root cells.pdf,Polarity-guided uneven mitotic divisions control brassinosteroid activity in proliferating plant root cells,GEO Sample,GSM8180252
Vukašinović et al. 2025 - Polarity-guided uneven mitotic divisions control brassinosteroid activity in proliferating plant root cells.pdf,Polarity-guided uneven mitotic divisions control brassinosteroid activity in proliferating plant root cells,GEO Sample,GSM8180253
Vukašinović et al. 2025 - Polarity-guided uneven mitotic divisions control brassinosteroid activity in proliferating plant root cells.pdf,Polarity-guided uneven mitotic divisions control brassinosteroid activity in proliferating plant root cells,GEO Sample,GSM8180254
Vukašinović et al. 2025 - Polarity-guided uneven mitotic divisions control brassinosteroid activity in proliferating plant root cells.pdf,Polarity-guided uneven mitotic divisions control brassinosteroid activity in proliferating plant root cells,GEO Sample,GSM8180255
Vukašinović et al. 2025 - Polarity-guided uneven mitotic divisions control brassinosteroid activity in proliferating plant root cells.pdf,Polarity-guided uneven mitotic divisions control brassinosteroid activity in proliferating plant root cells,GEO Sample,GSM8180256
Vukašinović et al. 2025 - Polarity-guided uneven mitotic divisions control brassinosteroid activity in proliferating plant root cells.pdf,Polarity-guided uneven mitotic divisions control brassinosteroid activity in proliferating plant root cells,GEO Sample,GSM8180257
Vukašinović et al. 2025 - Polarity-guided uneven mitotic divisions control brassinosteroid activity in proliferating plant root cells.pdf,Polarity-guided uneven mitotic divisions control brassinosteroid activity in proliferating plant root cells,GEO Sample,GSM8180258
Vukašinović et al. 2025 - Polarity-guided uneven mitotic divisions control brassinosteroid activity in proliferating plant root cells.pdf,Polarity-guided uneven mitotic divisions control brassinosteroid activity in proliferating plant root cells,GEO Sample,GSM8180260
Vukašinović et al. 2025 - Polarity-guided uneven mitotic divisions control brassinosteroid activity in proliferating plant root cells.pdf,Polarity-guided uneven mitotic divisions control brassinosteroid activity in proliferating plant root cells,GEO Sample,GSM8180262
Vukašinović et al. 2025 - Polarity-guided uneven mitotic divisions control brassinosteroid activity in proliferating plant root cells.pdf,Polarity-guided uneven mitotic divisions control brassinosteroid activity in proliferating plant root cells,GEO Sample,GSM8180263
Wang et al. 2021 - Single-cell transcriptome atlas of the leaf and root of rice seedlings.pdf,Single-cell transcriptome atlas of the leaf and root of rice seedlings,GEO Series,GSE146035
Wang et al. 2021 - Single-cell-type transcriptomic analysis reveals dist ... expression profiles in wheat guard cells in response to abscisic acid.pdf,Single-cell-type transcriptomic analysis reveals distinct gene expression profiles in wheat guard cells in response to abscisic acid,,
Wang et al. 2023 - An optimized FACS-free single-nucleus RNA sequencing (snRNA-seq) method for plant science research.pdf,An optimized FACS-free single-nucleus RNA sequencing (snRNA-seq) method for plant science research,,
Wang et al. 2023 - The maturation and aging trajectory of Marchantia polymorpha at single-cell resolution.pdf,The maturation and aging trajectory of Marchantia polymorpha at single-cell resolution,,
Wang et al. 2024 - A spatial transcriptome map of the developing maize ear.pdf,A spatial transcriptome map of the developing maize ear,,
Wang et al. 2024 - Histological and single-nucleus transcriptome analyse ... ligular sclerenchyma cells and key regulators of leaf angle in maize.pdf,Histological and single-nucleus transcriptome analyses reveal the specialized functions of ligular sclerenchyma cells and key regulators of leaf angle in maize,,
Wang et al. 2024 - ScRNA-seq reveals the spatiotemporal distribution of ... transposon activity in Camptotheca acuminata shoot apexes and leaves.pdf,ScRNA‐seq reveals the spatiotemporal distribution of camptothecin pathway and transposon activity in Camptotheca acuminata shoot apexes and leaves,,
Wang et al. 2025 - Integration of single-nuclei transcriptome and bulk R ... of AhWRKY70 in regulating stem cell development in Arachis hypogaea L.pdf,Integration of single‐nuclei transcriptome and bulk RNA‐seq to unravel the role of AhWRKY70 in regulating stem cell development in Arachis hypogaea L.,,
Wu et al. 2024 - Identification of bZIP transcription factors that regul ... epidermal cells in Arabidopsis thaliana by single-cell RNA sequencing.pdf,Identification of bZIP Transcription Factors That Regulate the Development of Leaf Epidermal Cells in Arabidopsis thaliana by Single-Cell RNA Sequencing,ENA Project,PRJNA577177
Xia et al. 2022 - The single-cell stereo-seq reveals region-specific cell subtypes and transcriptome profiling in Arabidopsis leaves.pdf,The single-cell stereo-seq reveals region-specific cell subtypes and transcriptome profiling in Arabidopsis leaves,,
Xie et al. 2020 - Single-cell RNA sequencing efficiently predicts transcription factor targets in plants.pdf,Single-Cell RNA Sequencing Efficiently Predicts Transcription Factor Targets in Plants,,
Xie et al. 2022 - Single-cell RNA sequencing profiles of stem-differentiating xylem in poplar.pdf,Single‐cell RNA sequencing profiles of stem‐differentiating xylem in poplar,,
Xu et al. 2021 - Single-cell RNA sequencing of developing maize ears facilitates functional analysis and trait candidate gene discovery.pdf,Single-cell RNA sequencing of developing maize ears facilitates functional analysis and trait candidate gene discovery,ENA Project,PRJNA646989
Xu et al. 2021 - Single-cell RNA sequencing of developing maize ears facilitates functional analysis and trait candidate gene discovery.pdf,Single-cell RNA sequencing of developing maize ears facilitates functional analysis and trait candidate gene discovery,ENA Project,PRJNA646996
Xu et al. 2021 - Single-cell RNA sequencing of developing maize ears facilitates functional analysis and trait candidate gene discovery.pdf,Single-cell RNA sequencing of developing maize ears facilitates functional analysis and trait candidate gene discovery,ENA Project,PRJNA647001
Xu et al. 2021 - Single-cell RNA sequencing of developing maize ears facilitates functional analysis and trait candidate gene discovery.pdf,Single-cell RNA sequencing of developing maize ears facilitates functional analysis and trait candidate gene discovery,ENA Project,PRJNA647196
Xu et al. 2021 - Single-cell RNA sequencing of developing maize ears facilitates functional analysis and trait candidate gene discovery.pdf,Single-cell RNA sequencing of developing maize ears facilitates functional analysis and trait candidate gene discovery,ENA Project,PRJNA647195
Xu et al. 2021 - Single-cell RNA sequencing of developing maize ears facilitates functional analysis and trait candidate gene discovery.pdf,Single-cell RNA sequencing of developing maize ears facilitates functional analysis and trait candidate gene discovery,ENA Project,PRJNA647197
Xu et al. 2021 - Single-cell RNA sequencing of developing maize ears facilitates functional analysis and trait candidate gene discovery.pdf,Single-cell RNA sequencing of developing maize ears facilitates functional analysis and trait candidate gene discovery,ENA Project,PRJNA647198
Xu et al. 2021 - Single-cell RNA sequencing of developing maize ears facilitates functional analysis and trait candidate gene discovery.pdf,Single-cell RNA sequencing of developing maize ears facilitates functional analysis and trait candidate gene discovery,ENA Project,PRJNA647200
Xu et al. 2024 - Large-scale single-cell profiling of stem cells uncovers redundant regulators of shoot development and yield trait variation.pdf,Large-scale single-cell profiling of stem cells uncovers redundant regulators of shoot,,
Xu et al. 2024 - The soil emergence-related transcription factor PIF3 controls root penetration by interacting with the receptor kinase FER.pdf,The soil emergence-related transcription factor PIF3 controls root penetration by interacting with the receptor kinase FER,GEO Series,GSE225299
Yan et al. 2024 - Evolution of plant cell-type-specificcis-regulatory elements.pdf,53883515,ENA Project,PRJNA1007577
Yan et al. 2024 - Evolution of plant cell-type-specificcis-regulatory elements.pdf,53883515,ENA Project,PRJNA1052039
Yan et al. 2024 - Evolution of plant cell-type-specificcis-regulatory elements.pdf,53883515,GEO Series,GSE252040
Yang et al. 2023 - Single-nucleus RNA sequencing and mRNA hybridization ... and LcTFL1-2 mRNA transportability during floral transition in litchi.pdf,Single-nucleus RNA sequencing and mRNA hybridization,ENA Project,PRJNA909160
Yao et al. 2024 - Spatiotemporal transcriptomic landscape of rice embryonic cells during seed germination.pdf,Spatiotemporal transcriptomic landscape of rice embryonic cells during seed germination,,
Ye et al. 2022 - Differentiation trajectories and biofunctions of symbiotic and un-symbiotic fate cells in root nodules of Medicago truncatula.pdf,Differentiation trajectories and biofunctions of symbiotic and un-symbiotic fate cells in root nodules of Medicago truncatula,,
Yin et al. 2024 - A single-cell transcriptome atlas reveals the trajectory of early cell fate transition during callus induction in Arabidopsis.pdf,A single-cell transcriptome atlas reveals the trajectory of early cell fate transition during callus induction in Arabidopsis,,
Yu et al. 2023 - Integrated mass spectrometry imaging and single-cell tr ... insights into taxoid biosynthesis and transport in Taxus mairei stems.pdf,Integrated mass spectrometry imaging and single‐cell transcriptome atlas strategies provide novel insights into taxoid biosynthesis and transport in Taxus mairei stems,ENA Project,PRJNA730337
Yu et al. 2024 - Single-cell atlases reveal leaf cell-type-specific regu ... nsporters in the hyperaccumulator Sedum alfredii under cadmium stress.pdf,Single-cell atlases reveal leaf cell-type-specific regulation of metal transporters in the hyperaccumulator Sedum alfredii under cadmium stress,,
Yuan et al. 2024 - Decoding the gene regulatory network of endosperm differentiation in maize.pdf,Decoding the gene regulatory network of endosperm differentiation in maize,GEO Series,GSE201701
Zang et al. 2023 - Single-cell RNA-sequencing profiles reveal the developmental landscape of the Manihot esculenta Crantz leaves.pdf,Single-cell RNA-sequencing profiles reveal the developmental landscape of the Manihot esculenta Crantz leaves,,
Zha et al. 2023 - Single-Cell RNA sequencing of leaf sheath cells reveal ... echanism of rice resistance to brown planthopper (Nilaparvata lugens).pdf,Single-Cell RNA sequencing of leaf sheath cells reveals the mechanism of rice resistance to brown planthopper (Nilaparvata lugens),,
Zhai and Xu 2021 - Pluripotency acquisition in the middle cell layer of callus is required for organ regeneration.pdf,Pluripotency acquisition in the middle cell layer of callus is required for organ regeneration,GEO Series,GSE156990
Zhai and Xu 2021 - Pluripotency acquisition in the middle cell layer of callus is required for organ regeneration.pdf,Pluripotency acquisition in the middle cell layer of callus is required for organ regeneration,GEO Series,GSE178354
Zhai and Xu 2021 - Pluripotency acquisition in the middle cell layer of callus is required for organ regeneration.pdf,Pluripotency acquisition in the middle cell layer of callus is required for organ regeneration,GEO Series,GSE156991
Zhang et al. 2019 - A Single-Cell RNA Sequencing Profiles the Developmental Landscape of Arabidopsis Root.pdf,A Single-Cell RNA Sequencing Profiles the Developmental Landscape of Arabidopsis Root,ENA Project,PRJNA323955
Zhang et al. 2019 - A Single-Cell RNA Sequencing Profiles the Developmental Landscape of Arabidopsis Root.pdf,A Single-Cell RNA Sequencing Profiles the Developmental Landscape of Arabidopsis Root,ENA Project,PRJNA517021
Zhang et al. 2021 - A single-cell analysis of the Arabidopsis vegetative shoot apex.pdf,A single-cell analysis of the Arabidopsis vegetative shoot apex,GEO Series,GSE58857
Zhang et al. 2021 - A single-cell analysis of the Arabidopsis vegetative shoot apex.pdf,A single-cell analysis of the Arabidopsis vegetative shoot apex,GEO Series,GSE123013
Zhang et al. 2021 - A single-cell analysis of the Arabidopsis vegetative shoot apex.pdf,A single-cell analysis of the Arabidopsis vegetative shoot apex,GEO Series,GSE123818
Zhang et al. 2021 - Single-cell transcriptome atlas and chromatin accessibility landscape reveal differentiation trajectories in the rice root.pdf,Single-cell transcriptome atlas and chromatin accessibility landscape reveal differentiation trajectories in the rice root,ENA Project,PRJNA517021
Zhang et al. 2021 - Single-cell transcriptome atlas and chromatin accessibility landscape reveal differentiation trajectories in the rice root.pdf,Single-cell transcriptome atlas and chromatin accessibility landscape reveal differentiation trajectories in the rice root,ENA Project,PRJNA706435
Zhang et al. 2021 - Single-cell transcriptome atlas and chromatin accessibility landscape reveal differentiation trajectories in the rice root.pdf,Single-cell transcriptome atlas and chromatin accessibility landscape reveal differentiation trajectories in the rice root,ENA Project,PRJNA706099
Zhang et al. 2021 - Single-cell transcriptome atlas and chromatin accessibility landscape reveal differentiation trajectories in the rice root.pdf,Single-cell transcriptome atlas and chromatin accessibility landscape reveal differentiation trajectories in the rice root,GEO Series,GSE123013
Zhang et al. 2021 - Single-cell transcriptome atlas and chromatin accessibility landscape reveal differentiation trajectories in the rice root.pdf,Single-cell transcriptome atlas and chromatin accessibility landscape reveal differentiation trajectories in the rice root,GEO Series,GSE123818
Zhang et al. 2023 - Asymmetric gene expression and cell-type-specific re ... n the root of bread wheat revealed by single-cell multiomics analysis.pdf,Asymmetric gene expression and cell-type-specific regulatory networks in the root of bread wheat revealed by single-cell multiomics analysis,ENA Project,PRJNA517021
Zhang et al. 2023 - Asymmetric gene expression and cell-type-specific re ... n the root of bread wheat revealed by single-cell multiomics analysis.pdf,Asymmetric gene expression and cell-type-specific regulatory networks in the root of bread wheat revealed by single-cell multiomics analysis,ENA Project,PRJNA706435
Zhang et al. 2023 - Asymmetric gene expression and cell-type-specific re ... n the root of bread wheat revealed by single-cell multiomics analysis.pdf,Asymmetric gene expression and cell-type-specific regulatory networks in the root of bread wheat revealed by single-cell multiomics analysis,ENA Project,PRJNA706099
Zhang et al. 2023 - Asymmetric gene expression and cell-type-specific re ... n the root of bread wheat revealed by single-cell multiomics analysis.pdf,Asymmetric gene expression and cell-type-specific regulatory networks in the root of bread wheat revealed by single-cell multiomics analysis,GEO Series,GSE123013
Zhang et al. 2023 - Asymmetric gene expression and cell-type-specific re ... n the root of bread wheat revealed by single-cell multiomics analysis.pdf,Asymmetric gene expression and cell-type-specific regulatory networks in the root of bread wheat revealed by single-cell multiomics analysis,GEO Series,GSE123818
Zhang et al. 2023 - Cell type-specific cytonuclear coevolution in three allopolyploid plant species.pdf,Cell type–specific cytonuclear coevolution in three allopolyploid plant species,ENA Project,PRJNA985908
Zhang et al. 2023 - Single-cell RNA sequencing analysis of the embryogen ... pmental trajectories of the early somatic embryo in Dimocarpus longan.pdf,Single‐cell RNA sequencing analysis of the embryogenic callus clarifies the spatiotemporal developmental trajectories of the early somatic embryo in Dimocarpus longan,ENA Project,PRJNA792504
Zhang et al. 2023 - Single-cell RNA sequencing analysis of the embryogen ... pmental trajectories of the early somatic embryo in Dimocarpus longan.pdf,Single‐cell RNA sequencing analysis of the embryogenic callus clarifies the spatiotemporal developmental trajectories of the early somatic embryo in Dimocarpus longan,ENA Project,PRJNA889670
Zhang et al. 2024 - Single-cell RNA-sequencing provides new insights int ... tional regulation of photosynthetic genes in bermudagrass leaf blades.pdf,Single-cell RNA-sequencing provides new insights into the cell-specific expression patterns and transcriptional regulation of photosynthetic genes in bermudagrass leaf blades,ENA Project,PRJNA1045520
Zhang et al. 2024 - Single-cell RNA-sequencing provides new insights int ... tional regulation of photosynthetic genes in bermudagrass leaf blades.pdf,Single-cell RNA-sequencing provides new insights into the cell-specific expression patterns and transcriptional regulation of photosynthetic genes in bermudagrass leaf blades,ENA Project,PRJNA918429
Zhang et al. 2025 - A spatially resolved multi-omic single-cell atlas of soybean development.pdf,A spatially resolved multi-omic single-cell atlas of soybean development,GEO Series,GSE270392
Zhang et al. 2025 - A spatially resolved multi-omic single-cell atlas of soybean development.pdf,A spatially resolved multi-omic single-cell atlas of soybean development,GEO Series,GSE57349
Zhang et al. 2025 - A spatially resolved multi-omic single-cell atlas of soybean development.pdf,A spatially resolved multi-omic single-cell atlas of soybean development,GEO Series,GSE57350
Zhang et al. 2025 - A spatially resolved multi-omic single-cell atlas of soybean development.pdf,A spatially resolved multi-omic single-cell atlas of soybean development,GEO Series,GSE57606
Zhang et al. 2025 - A spatially resolved multi-omic single-cell atlas of soybean development.pdf,A spatially resolved multi-omic single-cell atlas of soybean development,GEO Series,GSE46906
Zhang et al. 2025 - Spatial transcriptome and single-cell RNA sequencing reveal the molecular basis of cotton fiber initiation development.pdf,Spatial transcriptome and single‐cell RNA sequencing reveal the molecular basis of cotton fiber initiation development,ENA Project,PRJNA869296
Zhao et al. 2024 - Transcriptional landscape of sweetpotato root tip development at the single-cell level.pdf,Transcriptional landscape of sweetpotato root,GEO Series,GSE123013
Zhao et al. 2024 - Transcriptional landscape of sweetpotato root tip development at the single-cell level.pdf,Transcriptional landscape of sweetpotato root,GEO Series,GSE183171
Zhu et al. 2023 - Single-cell profiling of Arabidopsis leaves to Pseudomonas syringae infection.pdf,Single-cell profiling of Arabidopsis leaves to Pseudomonas syringae infection,GEO Series,GSE213625
Zhu et al. 2023 - Single-cell resolution analysis reveals the preparation for reprogramming the fate of stem cell niche in cotton lateral meristem.pdf,Single-cell resolution analysis reveals the preparation for reprogramming the fate of stem cell niche in cotton lateral meristem,ENA Project,PRJNA895968
Zhu et al. 2023 - Single-cell resolution analysis reveals the preparation for reprogramming the fate of stem cell niche in cotton lateral meristem.pdf,Single-cell resolution analysis reveals the preparation for reprogramming the fate of stem cell niche in cotton lateral meristem,ENA Project,PRJNA895970
